,A,B,C,D
2000-01-01,-0.732915953647833,0.6693218061539327,-0.7662674250268858,-0.440467319802146
2000-01-02,0.3007734794957809,1.6832907806744037,-0.7375032160188046,1.945924738814322
2000-01-03,-0.5376829836195561,1.5024785235841418,0.19290772852114402,1.73113872339745
2000-01-04,1.8287042340755395,0.9024311180967105,-0.22191107585327813,1.2209795936803554
2000-01-05,1.8253227924565596,0.6356715469796855,-0.36435209964579207,0.7881746207363499
2000-01-06,1.9052810148506536,0.6483082704370325,-0.8752186503194872,1.3728988494959498
2000-01-07,1.0256167833226588,1.7902598028984702,-0.22393783937767853,-1.2949320600133287
2000-01-08,-0.2078348124020979,1.301854947870752,-0.9154312351576008,-0.8762928937394843
2000-01-09,-1.1342231589254677,0.784803805357726,-0.7948789544607368,0.3992531987449055
2000-01-10,-0.7896418593404566,-0.7182497238884544,0.6464703460581928,0.6572936751473988
2000-01-11,-0.2203931348995305,-1.0976830367722994,0.05730545671593923,0.18227936457179922
2000-01-12,0.44964113176031817,-0.8634208889990325,-1.4343961737499389,0.486650325878036
2000-01-13,1.6216527334656599,-1.2907164991830362,-0.9007278914288828,1.0346698931366878
2000-01-14,1.1053146465881944,-3.7830667072243003,-1.8474182875544534,0.6863319357119453
2000-01-15,0.6758904773315427,-3.333769452055127,-1.3616037967128731,-0.14909569672190548
2000-01-16,1.3468013893823405,-4.660608464741271,-0.8214215797243164,-2.1738134575495462
2000-01-17,3.527110753421243,-4.440464355144739,0.9978204791140167,-1.3979991976061137
2000-01-18,2.7845982561765315,-4.144908868315316,2.197369332396541,-1.692449394939223
2000-01-19,3.5041350761247205,-5.051669038654129,2.765717544717823,-1.0212105746687565
2000-01-20,3.857948786411791,-4.186618976847968,3.779259794046828,-0.961925906558781
2000-01-21,2.5893463060018354,-4.5911764749109985,3.139451347287149,-1.0348134018588355
2000-01-22,2.9127396502456153,-5.889496620631647,2.375039105918727,0.07778378746305292
2000-01-23,3.070157544681807,-5.38157299582366,1.8383086128207977,1.2216414168750507
2000-01-24,2.596714886150916,-5.335799424908248,1.1747056578910686,2.1161637163830442
2000-01-25,2.907655782762661,-6.5947962316633335,1.2458924838668852,0.7801888834996968
2000-01-26,2.903333730778856,-5.6656362395100555,0.642011331045597,-0.1462478778894165
2000-01-27,1.6073126943363678,-7.216730905298019,0.22532764511896503,-0.8936098856025343
2000-01-28,2.0021013583278116,-6.909901625832769,0.8827160617738576,-0.15790129866274305
2000-01-29,2.3920967873442507,-7.544864880926469,2.1669720769125536,0.09400327913958945
2000-01-30,3.2244970724270603,-6.605904696522037,2.1986968397099966,-0.5923993415597586
2000-01-31,4.2728693296571,-7.29175662756729,1.1419781111375589,-1.0804803793458981
2000-02-01,4.164774121560617,-6.835806483759968,2.975498778486415,-1.3150125720215826
2000-02-02,4.582220383118494,-7.13301013717242,2.9706875260161896,-2.2631842240542444
2000-02-03,3.5660168578354066,-7.387642299314911,2.2548922480306293,-1.6471481938286696
2000-02-04,4.275492422444601,-6.5994325064898325,0.6338216653478455,-2.8079928011872477
2000-02-05,1.9409462045864734,-6.409208108864456,-0.9179791818895153,-1.8815891675101044
2000-02-06,2.072390597288385,-6.231516499401762,-1.3155215779894398,-3.2429081964671536
2000-02-07,3.275120810434867,-7.180461365689717,-0.9678274003797896,-2.3665148267430336
2000-02-08,2.934561354514351,-5.428360810282515,0.02232242756699887,-0.014132632753151242
2000-02-09,1.8075003656354816,-5.438718641284089,-1.7523944488552505,-2.214229608173839
2000-02-10,1.6942950870964413,-6.423235728989434,-2.407914012718163,-3.87466292518173
2000-02-11,2.075815519897551,-5.516112484990528,-2.1423761139237465,-3.8512412990926452
2000-02-12,2.915486084303454,-6.038167431993558,-2.103147787452629,-3.1557093265037155
2000-02-13,1.5628193113304496,-5.789859465753568,-2.3562255804804018,-3.1116794864599333
2000-02-14,3.0593708654701466,-4.058568689026191,-1.441900994656061,-4.199084228714793
2000-02-15,4.564729690668054,-4.268929995265443,-3.5843489879043147,-5.628475967065473
2000-02-16,3.670227444358076,-4.395589271320907,-3.3684786930391337,-6.298911375078438
2000-02-17,2.7604142485287086,-4.7890354897313685,-2.624704622976422,-6.4059978007471
2000-02-18,3.63022063945573,-3.632030183905751,-2.6438167860103627,-8.37695365164807
2000-02-19,3.999992143247287,-2.928457465869797,-3.1808296186274023,-7.766710679534307
2000-02-20,2.9944641880327967,-2.2709579122129506,-3.3400577431410583,-8.413973041858336
2000-02-21,3.190622451085273,-2.698772987191986,-2.448192929746958,-9.313693882079853
2000-02-22,5.033525322781369,-3.4555796124650593,-1.947379140798927,-10.338108266863797
2000-02-23,4.579884049141544,-2.835713879368793,-0.3924928715975673,-9.314288844539458
2000-02-24,6.101182018148771,-3.4158577835321315,-0.913248402463369,-9.676000933836269
2000-02-25,6.850424894515426,-4.879993685354057,-2.073907668014912,-10.202528797329082
2000-02-26,6.296112868719062,-5.667509445227497,-0.3308032291044769,-11.239306287775158
2000-02-27,5.402802838057807,-5.437927685080161,-0.03029405044317779,-10.918602956569016
2000-02-28,5.911176264851388,-5.021909802105792,0.9154332019897724,-12.927293897537638
2000-02-29,6.54351030575831,-6.02809409417016,0.028626262742517783,-12.09188211779215
2000-03-01,7.623647575049139,-6.372835649912688,1.1194809404668722,-12.207507272513068
2000-03-02,6.115719534947434,-6.480077707651197,0.38690349518245004,-13.17059367464243
2000-03-03,5.335005084723658,-4.69885231582116,-1.1509908381090117,-11.995688169693214
2000-03-04,6.2825074794503335,-5.929924770384874,-0.851777511022987,-12.22296762313381
2000-03-05,5.69245308708666,-6.4543215360866055,-0.0007211623330808381,-12.378455423565756
2000-03-06,6.77124740846061,-6.675000321584539,-0.08922937416650373,-12.592127730431601
2000-03-07,4.7736759951101035,-6.423699357820779,-0.20193260679107988,-12.8782104864929
2000-03-08,3.2552793593377185,-6.850410791658296,-2.1371838124991154,-11.118758043860176
2000-03-09,1.4515092568616967,-6.306306137528589,-1.5048211689862427,-11.027590346489411
2000-03-10,2.013756603507772,-6.156904273321981,-3.3269316855192366,-9.51102879146514
2000-03-11,1.3468342620067575,-6.344881900524629,-3.4061045381787403,-9.63096327004126
2000-03-12,1.0679044714112162,-7.136021063610164,-4.01574973209068,-9.980747759639854
2000-03-13,1.4588538999917064,-6.62522360126085,-4.90758524283805,-9.513912109129572
2000-03-14,2.966986182617397,-4.8424239002920455,-6.0906184571020505,-9.200356214681092
2000-03-15,2.679379284176611,-5.14094794196349,-6.89922444639275,-7.930131700224576
2000-03-16,2.5989509369351316,-5.3244111367850895,-8.0031869649109,-8.394710777545443
2000-03-17,2.8513436581037372,-4.140407893455878,-8.673983917052475,-9.019313177184817
2000-03-18,3.8794833621918166,-4.747776379724813,-7.926767899723548,-9.37569238328878
2000-03-19,3.8090918095981174,-4.693585622460042,-7.7856704099644025,-9.277079076901915
2000-03-20,3.493684130182246,-4.516602402352666,-7.567910030461552,-9.125406869292817
2000-03-21,4.773780257399926,-6.422579903024007,-7.29845497623149,-7.625394571679461
2000-03-22,3.97972501734742,-5.847405020541647,-4.694249355444109,-6.661852160019059
2000-03-23,3.887223242141067,-4.358551783021408,-5.172329744403233,-6.197320414217197
2000-03-24,4.000955473102796,-3.8216709506577144,-5.932970288349086,-4.138481069680724
2000-03-25,3.6883582194494338,-4.486938970314602,-5.478294323278509,-4.1771320054837595
2000-03-26,3.027744437427741,-5.035754195257699,-6.360153481967095,-3.59852120288675
2000-03-27,4.03758678992088,-6.153235476452669,-7.1348357325905045,-4.030846638518731
2000-03-28,3.7686425908918735,-4.899361147633878,-6.689425439608662,-5.029568665670543
2000-03-29,3.3388834701453614,-4.9548188993824755,-6.0067855549755205,-5.495262479490319
2000-03-30,2.3279709700855475,-4.846509581423461,-6.639544981235968,-4.348556770219387
2000-03-31,1.2442004628340366,-3.6628336666964216,-6.227157790507584,-5.09278984336322
2000-04-01,2.3900785909095155,-5.5943210876348335,-5.786980028623892,-4.447246095095186
2000-04-02,1.5626603681285003,-7.426060996778069,-6.509828093635907,-3.2989928828945354
2000-04-03,3.762487282230228,-5.680776512719277,-4.500928605401684,-2.655251088075238
2000-04-04,1.8869988553040484,-4.742368061566349,-3.759909504601011,-3.812234887963254
2000-04-05,2.2693609190282684,-6.736639765010563,-3.943121860215505,-4.437240472407315
2000-04-06,2.6459317183932582,-6.855268071140109,-4.2988314038316515,-3.96353862061633
2000-04-07,3.8675496396048143,-7.329761536888218,-4.18673517520868,-4.485719080040837
2000-04-08,5.542005787665238,-7.624084696286425,-4.252255213807001,-4.61819407914448
2000-04-09,6.13882104065627,-8.048626157631935,-4.729629277841509,-5.301183983169137
2000-04-10,6.63245986160924,-7.904140578630141,-4.23347120944399,-4.461224350263632
2000-04-11,6.953232738102139,-8.563623695260858,-3.772265167834883,-4.044800215330011
2000-04-12,6.203125765701293,-8.759403685265905,-4.632745440858041,-1.7423986872378254
2000-04-13,6.9885638347000985,-10.046637210452738,-4.060793099434576,-1.7269305860317319
2000-04-14,6.516307005897019,-9.882571099886972,-3.148633146948528,-1.695243514802618
2000-04-15,4.77728515266289,-8.762270856478995,-2.8966888767323082,-3.1240865439579983
2000-04-16,4.175452108950638,-10.69312418025688,-0.25587711782884837,-4.276328207547358
2000-04-17,5.749601012852248,-11.999782907607852,0.5402914197786177,-2.52072605141641
2000-04-18,5.460133575459922,-11.667706545940582,0.34814142323413844,-2.8845746856848
2000-04-19,4.72539877294829,-11.103159651342468,-1.1857888321721772,-1.3836195451340867
2000-04-20,6.1737147667928465,-11.966898564865037,0.08587417064773306,-2.0072963943284856
2000-04-21,7.4367676352490255,-11.800903879906167,-0.7495115581270642,0.09393510117360337
2000-04-22,8.64785315385169,-12.035968762558513,-0.8821725807330304,0.24928200859946206
2000-04-23,8.885645468038955,-13.152538200590222,-0.43789422144681034,0.19859313204939194
2000-04-24,10.16727518953676,-11.223608970568055,-0.9207657890973304,-0.42726719874238456
2000-04-25,11.200230087983405,-11.961207155008864,-0.9170510704134165,-0.3407648835437467
2000-04-26,11.823684212803883,-13.324287130888742,0.6407594948942865,1.0315351651025833
2000-04-27,11.490890524156487,-13.895627211703513,0.2810467956351965,0.40707568972492114
2000-04-28,11.171891840264633,-14.970138550251196,3.27725941310558,0.10224757808758161
2000-04-29,10.94267991357181,-15.512448444401626,3.9156577078367274,-0.5507409255095328
2000-04-30,11.13579880680095,-15.547642462664738,2.836270485994431,0.3164163034906422
2000-05-01,10.784401178155395,-16.801948396116273,2.1697211835686323,-0.5567975487624538
2000-05-02,10.818255748449667,-18.228343501392956,3.5905672980472483,0.31601638325427994
2000-05-03,9.787351096432078,-16.489312128887054,3.6676266921910337,0.24584393382535924
2000-05-04,9.998695482705303,-16.81427837240629,3.2589896449153475,1.1476466790606499
2000-05-05,10.135410020203595,-16.804847215413204,3.476141684563392,1.6249695794793815
2000-05-06,7.283243443915348,-16.506148610571433,2.958321488531579,-0.44228666708862496
2000-05-07,6.72222818670403,-16.45119140957083,2.248699175602845,1.2995544308495766
2000-05-08,6.479700406447125,-16.919279792125174,1.1233711398190482,0.6892545672405184
2000-05-09,7.183033963466208,-16.382847562209367,-0.5452807629522141,0.5263862962860875
2000-05-10,7.703770778846771,-16.27063358046302,0.716810115221366,0.8221536223941239
2000-05-11,7.549864285262235,-15.317241255127858,-0.07212971057947137,2.124412135170055
2000-05-12,6.40039842561969,-15.916363804251818,0.3991512897954542,1.428970603340598
2000-05-13,5.816496650085849,-16.48226735339859,0.4319699880312376,1.7921937055655475
2000-05-14,6.667379385744877,-17.30633940937705,1.0267983782975856,2.724610438434248
2000-05-15,6.265636866798722,-17.90289603991781,1.2729473143930554,1.7916729822790798
2000-05-16,6.75036504565005,-16.355013423516954,2.018629914612609,1.7259305212237992
2000-05-17,6.573573899965742,-16.939709712219578,1.7909206888722118,2.2368421030130587
2000-05-18,7.885265838071932,-17.96149399170694,3.4158809111519632,2.1465297696462833
2000-05-19,8.005181903987483,-18.174700958016558,3.1594773195104855,1.7173185531533828
2000-05-20,8.692879119479706,-21.13526040972689,2.9955968390384915,3.603846930133585
2000-05-21,8.054434637728633,-21.531403597846523,2.6934852578066653,4.899252383332922
2000-05-22,8.08632448336262,-23.64012788450589,2.329158549402195,6.015974393068969
2000-05-23,7.701539176291349,-23.20766951145669,3.289127554352476,6.102441024199305
2000-05-24,10.241035212651203,-22.244967246406095,3.2806244618500067,6.034479792417066
2000-05-25,10.530241618552498,-23.06045388207715,4.960625786428119,5.695160957787466
2000-05-26,10.909015189983394,-22.116247461439933,4.526256606983056,5.427106233995742
2000-05-27,9.945655130798542,-21.572741050231283,5.95354072594369,5.132556699496884
2000-05-28,8.110141363385763,-21.700385869564112,5.842628517942692,6.122154655991692
2000-05-29,5.883870563454798,-20.349904695583607,5.537744061561914,6.498402556334318
2000-05-30,6.598823490418247,-20.377094786612627,5.337714312991036,6.099799874140691
2000-05-31,6.987917404359474,-19.936180722219454,6.0032321221877964,6.0124011472330166
2000-06-01,7.395715441072699,-18.780389370611402,4.893425697965771,6.338944259868822
2000-06-02,5.6919975941168905,-18.11940727336446,6.245794455278892,6.4579287200242685
2000-06-03,5.663182009085615,-18.23655663330981,7.897406151336464,6.996815620536229
2000-06-04,5.540294175363794,-17.96034273908247,8.409565394865853,7.36459562517926
2000-06-05,4.714005711858395,-16.802754600174037,8.495430831957668,4.615256466278144
2000-06-06,5.264518193323107,-15.954250260755423,9.813921440354747,4.970713235258889
2000-06-07,5.9177809269226636,-14.126676959681433,11.601554637353408,3.763596780896565
2000-06-08,5.339250386655738,-15.73896959125581,11.282995842048804,3.758576507096164
2000-06-09,3.6709291233327423,-16.40184523965135,11.042927359580334,4.763723203884661
2000-06-10,4.236514951871803,-16.775250440225058,11.049388481908633,4.658561932458143
2000-06-11,4.0507543286550876,-15.70585474542182,11.334152254609341,7.011095174128494
2000-06-12,4.286965893097996,-13.536914522459117,9.859793975015963,7.6807089046852814
2000-06-13,5.095773010795318,-12.671789457386671,7.754521593020344,9.331134400745498
2000-06-14,3.130275272861047,-13.694733507753403,5.804552711563596,9.305001160637454
2000-06-15,4.700849761159997,-12.150134835019758,5.720238663294263,9.143173363947561
2000-06-16,5.345696237789679,-12.826618248679107,7.2284960847033,10.72258381858103
2000-06-17,5.259914793660591,-12.459815075198412,7.315238300748514,10.542123679419495
2000-06-18,5.467557394354799,-12.34825343595795,8.712379146703498,11.226398824370786
2000-06-19,6.465390480839884,-13.727766247141462,8.025157374549055,11.089011058202681
2000-06-20,7.342573235698328,-13.574271726300388,7.870588908414665,9.684692454090753
2000-06-21,7.868022849337155,-14.843673408947609,9.164339014814106,9.72823939472305
2000-06-22,9.35836182570218,-13.789600434286156,7.108312765743977,8.197507559160725
2000-06-23,10.517482904158937,-12.75782365811161,6.583545216069683,7.57278439566086
2000-06-24,8.523916942075775,-12.970996684300285,8.51445397081512,7.91616833810977
2000-06-25,8.649773951670989,-12.345815578173811,8.01916140900563,8.951336829106845
2000-06-26,9.373884741896381,-12.731617507345836,9.803731453584192,9.928293578776707
2000-06-27,9.573318908092963,-13.827055904527295,8.746667275929282,9.912901915423674
2000-06-28,11.33396693623003,-13.311072443351009,9.374547134458368,9.049330665140548
2000-06-29,11.742983786683519,-14.776815603315892,8.407053820786496,8.293157766094758
2000-06-30,11.84809083438053,-15.539830646787923,7.267556545807585,10.307718925765162
2000-07-01,12.83802463485045,-16.830783739533082,7.413497437005254,10.343693757818942
2000-07-02,12.601460441190289,-18.202022875561042,7.6140036070825134,10.760462749898243
2000-07-03,13.158285354336535,-18.490766120383512,7.322937102233547,13.686484322047074
2000-07-04,14.524162467798014,-19.16976166614092,7.913795584365964,13.528928513185745
2000-07-05,15.415826368593793,-18.91240380575659,9.943435646692624,14.185307988571275
2000-07-06,15.350143201160988,-20.046215738686012,11.190812536182033,13.839405073067129
2000-07-07,14.685562609241094,-20.978292818839666,12.008279942921561,12.502924653438715
2000-07-08,14.537648977104388,-21.84624036783928,10.929040455573398,10.985448032955183
2000-07-09,16.543267787448634,-23.006374145543813,9.671965868472324,11.143553895015433
2000-07-10,15.766353034535783,-23.635069654388417,9.69636271440176,11.629280863713339
2000-07-11,17.4684469452438,-21.689163357875643,9.736618576814132,10.791824563989339
2000-07-12,17.293637084608058,-20.837284821876683,10.837716143052273,11.153522949807885
2000-07-13,17.48203468585813,-21.24253910098657,11.298912680863847,12.256339515523115
2000-07-14,16.914013984886992,-20.82656339068208,11.031281612487739,12.77926483987478
2000-07-15,16.50637812213618,-19.771145361371847,9.915085546832476,11.693796237596471
2000-07-16,17.402671541641737,-19.84900916430373,10.122664461537957,10.173738164554914
2000-07-17,18.259948447205925,-19.37090469097175,10.718086848052703,9.6891409324074
2000-07-18,18.382148587244586,-20.796323839743422,11.242023061978125,10.823756085283238
2000-07-19,18.567817525753497,-19.12445728439596,11.853360486642776,10.583248332685864
2000-07-20,18.460594491654522,-17.744654155387387,10.20424977645284,10.692831192489246
2000-07-21,18.769822231777365,-18.78033623224879,10.285321658790261,10.436079225119302
2000-07-22,18.133136924503294,-18.072450819362125,10.977134598795582,12.783311011593959
2000-07-23,18.784514836667913,-19.521637318927215,10.535536938140348,14.31822847338236
2000-07-24,18.206068936527174,-19.631377317807956,10.63134055478454,15.517380683331378
2000-07-25,16.192682886032237,-20.851078158133397,8.947328370725215,15.757089642324583
2000-07-26,16.95441236358112,-20.441682835869404,9.347416591368729,14.3846935966744
2000-07-27,15.750263288122367,-20.217108771792674,9.279758025323309,15.526106937189043
2000-07-28,15.366736043706013,-19.57677345782421,10.800152680392264,14.719899917714901
2000-07-29,17.324225774141425,-19.416492055957704,10.691173219207379,15.340836545993369
2000-07-30,18.399757566161387,-19.106038342407803,8.944245424648475,16.03530912328175
2000-07-31,17.958531935808743,-16.847228546066802,9.075480897705248,15.366917371695669
2000-08-01,17.989746207613496,-18.138649444000304,9.910393267310557,15.741252227714076
2000-08-02,19.569074297123418,-18.678813163774468,8.89971164927331,16.254982177989945
2000-08-03,21.781415794306817,-18.358953211471114,6.803951457896105,15.99465391933525
2000-08-04,21.13111118494566,-17.74279326405301,7.613741127796501,15.383040924344114
2000-08-05,20.63469143325363,-17.8787914182361,7.764698960373795,14.608431813869544
2000-08-06,20.821058422470283,-17.7251887267414,7.911753355309393,14.27852761402509
2000-08-07,21.93385266382037,-18.134126805511674,8.158338655320494,14.757284092696274
2000-08-08,22.701506701446398,-18.35040916776757,8.4063381843252,13.722472374832057
2000-08-09,23.511907172914817,-20.654079776776214,7.358853847586034,13.490376015687781
2000-08-10,23.781983347321937,-20.65327844966992,6.56607421940614,13.486867751837872
2000-08-11,24.148580028059488,-20.464643321696315,5.173730747966503,13.464142056319616
2000-08-12,25.255981391445857,-21.370649824490638,5.214864169942769,13.47202188030666
2000-08-13,23.923426264767667,-21.16006719401605,5.456039053648046,13.766332932636825
2000-08-14,23.756656021786327,-20.917992604590847,3.9950387578139797,14.469959229595283
2000-08-15,23.055647306688122,-20.437703281264827,4.208746153228782,14.139408501041503
2000-08-16,22.47065673944467,-21.808763749660052,2.663774414963017,12.396728807035217
2000-08-17,21.845018991953232,-20.802624351844813,3.127080251880033,11.790775309153476
2000-08-18,21.26317756234791,-20.22929529609034,3.751251795724788,12.138528897257121
2000-08-19,22.96579891926581,-19.83403374766247,3.909135236192942,12.758714249994735
2000-08-20,21.8615389201379,-21.41436910487595,4.205363022065222,12.212239747238264
2000-08-21,24.03863303381764,-22.17942814593364,4.370103236262208,13.181391405875468
2000-08-22,23.57898350129981,-20.99514114092219,4.469219012584827,12.370202318958167
2000-08-23,21.16172604644734,-21.09917157823596,4.85272807602594,11.783836117712514
2000-08-24,21.208769198974505,-21.39814003886671,2.0901485686178565,11.082575406424716
2000-08-25,20.7528369928801,-21.071646482383386,1.5752536622727693,9.801432619523567
2000-08-26,21.30030465320853,-21.19029244862816,1.141213162468999,10.093677927012054
2000-08-27,21.988985796815342,-21.704230886749016,1.9454321464988604,10.584423534778775
2000-08-28,21.121788726197675,-22.747571828790186,2.144135966103958,9.809764194080794
2000-08-29,19.567976331587843,-21.462380640790887,3.162409519987061,8.279264143676363
2000-08-30,19.90235801819313,-21.291979244555645,2.741365274376242,8.36057548529612
2000-08-31,19.177996282427706,-21.42765127287452,3.6334153462831296,6.339111604595185
2000-09-01,19.54991583721292,-21.706031198076687,2.645565028298897,7.250518624310648
2000-09-02,19.13823964409086,-21.642285771759106,3.3610171951211854,6.330394811253089
2000-09-03,19.893159688583054,-21.304467453587396,3.3608950418051995,5.94071783537131
2000-09-04,19.778798068568477,-21.23825054829933,3.526446512619479,5.431879422601669
2000-09-05,19.98256928929217,-19.790985866042128,4.17746049057689,6.075824784547264
2000-09-06,19.937895162925805,-18.549946677267656,3.893931244076354,6.498691561009476
2000-09-07,20.934538999796192,-20.313293369286573,4.64986010479174,7.017422709013176
2000-09-08,22.47511913264805,-22.205680610907738,3.7447381818712318,8.061759055231281
2000-09-09,22.054094724615933,-22.8074251390063,3.6383954926451287,6.2768857631616175
2000-09-10,22.399097921603374,-21.80169496583088,2.991868430626032,6.8264542476137775
2000-09-11,23.274239555417818,-21.74145144228861,2.7793572601661958,7.609651135247709
2000-09-12,23.063609740246918,-22.11721913498913,3.3700210690304893,9.419181675223385
2000-09-13,22.05679267518719,-20.682914974954727,3.67271189473052,9.661293867749091
2000-09-14,22.087653447953304,-19.656174142566236,2.721932949887015,9.496941846773451
2000-09-15,22.46856968996958,-21.522462158813344,3.5616228149146925,10.705163238493551
2000-09-16,22.08752551358273,-20.331588332645637,1.7621306261826373,11.995270111072262
2000-09-17,21.810292719207172,-19.625535379525886,1.4654323353537555,12.32055809820186
2000-09-18,21.097008453448204,-19.182345138800148,2.8024492126477423,12.203672826479707
2000-09-19,20.778591610940747,-17.950821007340025,2.3539242665047952,11.101020948714048
2000-09-20,20.308879206490285,-17.69659105716625,1.7347356439114816,12.449473046205197
2000-09-21,20.01152644762844,-17.44829367219357,2.342321057074836,10.637799656054343
2000-09-22,20.9014871041531,-17.444592627433696,2.838678515949288,10.868481513077374
2000-09-23,20.573427948396095,-16.65808766506037,3.4498887364462987,11.472924799114502
2000-09-24,20.02234998146928,-15.960800181602377,3.905775669375598,12.23688215820085
2000-09-25,20.366421459406098,-14.984642439254593,3.5534635418814977,12.797478891018113
2000-09-26,20.763483321459884,-15.6569999900945,4.159374815495732,13.046357509881771
2000-09-27,20.102411616788064,-16.913882211885014,4.058257486037746,11.544023173469729
2000-09-28,19.67223171878728,-17.991048326104952,3.884830476307358,10.403111321560495
2000-09-29,19.722597341213735,-16.615293865565988,4.148756533872219,9.983658215511927
2000-09-30,17.73752494502854,-16.90883849330485,3.036718468149387,11.104984064899984
2000-10-01,19.304938232541893,-14.282525194955031,4.564575882938603,11.123437132496734
2000-10-02,17.54028575484918,-13.749885113533873,3.345355316458195,13.218298354744956
2000-10-03,17.885679790771373,-13.7682976855346,3.3094834341983224,14.030284488712443
2000-10-04,18.600982900325068,-14.030357306992471,2.7411061891798223,13.280864906836007
2000-10-05,18.806913229970547,-13.276841863828293,3.727368646778218,12.549670847813415
2000-10-06,20.765669553318844,-12.748853470122913,4.526420256674047,12.630078716751308
2000-10-07,20.831224869424727,-13.795367341964164,6.249743702757566,12.52067867829163
2000-10-08,21.65809962242205,-12.472357247587677,5.906143728720284,10.655543568802315
2000-10-09,21.929562329825384,-12.428950367271582,6.703575586875054,8.640607748918967
2000-10-10,21.850333137612026,-11.920381875877377,7.463055413959709,8.946150682568067
2000-10-11,22.666085544202645,-12.305137019319513,7.955197035654607,8.542458274423046
2000-10-12,22.372123663983654,-11.736056263154344,9.410873878413183,8.737557347669433
2000-10-13,23.273149582707035,-11.784004451419309,10.053475463400172,10.217708121720369
2000-10-14,24.98208247115991,-13.651892236707946,10.016890621170601,10.80181492902819
2000-10-15,25.552167239718084,-14.29358695320763,10.130854067980607,10.08171635387329
2000-10-16,22.88166060539979,-13.375790808026519,9.15644349957376,9.244078117880296
2000-10-17,20.891354799041903,-14.664947276010663,10.209775654532933,8.352793742163438
2000-10-18,22.24188495327121,-14.668805512007928,11.128652958018147,8.624271312059527
2000-10-19,21.89723307510527,-16.073122016914958,8.99816708571287,8.709706644258597
2000-10-20,21.209076345494164,-16.117762568032344,9.667578000934126,9.008355425877518
2000-10-21,20.804495868730996,-16.90856143482788,9.404058405617405,9.226836868604636
2000-10-22,22.037417945549702,-17.729445341383876,8.941700807681631,8.467072832606485
2000-10-23,21.470141371931483,-17.367710473491996,9.63878366090501,8.295181462518954
2000-10-24,22.17385489011591,-17.26904428934129,9.73823775107009,7.746203998795045
2000-10-25,20.561253495405435,-18.78475873666457,10.478670843264835,9.084924585442149
2000-10-26,20.91467070251837,-18.938754442258343,11.650379564852868,7.0992310516725645
2000-10-27,20.427821892920765,-17.623932098062777,10.600179713064943,7.9370451464576455
2000-10-28,19.478739637272927,-16.28550450245321,11.16210510780589,8.195222187213078
2000-10-29,20.931011650740825,-15.161913711517238,11.071417414689675,9.601784238935338
2000-10-30,21.13450286042471,-15.954778123120342,12.079717766073072,10.886202126216295
2000-10-31,20.965668201287713,-15.229294012076364,13.151575544262235,10.51022484611305
2000-11-01,22.185038790431758,-17.527441862356156,14.859983355626717,11.858315705079544
2000-11-02,21.72429657795034,-18.503562575172506,15.977252942201874,10.724183869891965
2000-11-03,22.62986683522527,-19.693760375403887,17.50742284087863,11.741794519878386
2000-11-04,21.008388523949638,-18.152903359324423,17.385768259044944,9.931959994668095
2000-11-05,20.516663253517276,-18.82860443450675,18.489034488439252,7.726235470531529
2000-11-06,19.348760697734463,-18.307918539311302,16.90106107453398,8.273029252888456
2000-11-07,19.769393557405937,-17.762459905824006,18.10183599122296,6.176150180046296
2000-11-08,20.275322496494418,-17.905183805188532,18.199113707014988,5.6763129918352595
2000-11-09,21.230479953233047,-18.300218093722968,17.1939346360914,4.752249520840744
2000-11-10,20.135258069470773,-18.20543618464476,17.065003319412803,3.4187342237360694
2000-11-11,18.971013265086302,-17.768445127409088,17.115960857480456,4.185561786686466
2000-11-12,19.607520157125286,-18.129957535656157,15.95158431461713,3.2582973382817846
2000-11-13,18.743954051340065,-17.272248699194545,16.023732682024892,3.4728062429985616
2000-11-14,19.99991912223102,-17.05575807130833,16.826966939127722,1.2866699132321875
2000-11-15,20.648277584628794,-16.216642096449466,17.23877214019869,0.19116723577605144
2000-11-16,20.656814742240087,-15.72071287240307,17.9762677121679,-2.04162544531395
2000-11-17,22.539081483780155,-15.020153098363926,18.54469717133018,-2.1475773830912077
2000-11-18,21.552395186468942,-16.268242774350405,17.29631471855762,-1.6232330309806273
2000-11-19,21.84917774565436,-16.97624176993785,16.0344495954672,-1.934192283379593
2000-11-20,21.584941330242547,-15.621365480832077,18.41081749098978,-1.3426658046400597
2000-11-21,22.614852653252658,-14.982660677324546,17.724088339037753,0.020867517031233795
2000-11-22,23.257215464607913,-12.550058331486065,17.897988108409244,-2.1853772674904284
2000-11-23,21.11159394099193,-13.957823934790495,16.78941330464763,-2.347497925032857
2000-11-24,20.470928500507725,-12.641023655921089,16.620656105786658,-2.02521403234021
2000-11-25,20.81499445114789,-12.528247733985966,16.268243142722334,-1.4940418939239617
2000-11-26,22.142272311754088,-10.97849791661572,17.17645779144044,-2.4794634139111658
2000-11-27,24.153545448202927,-12.790000295135224,15.847758196181623,-2.227613702506811
2000-11-28,23.552617845575885,-12.004063435354418,16.098618392800986,-4.942277961540431
2000-11-29,22.74754133865009,-12.073474171116375,16.718203615773962,-3.1716358820642054
2000-11-30,22.297019207094802,-12.145298632021397,17.274669658387996,-3.3036333321877605
2000-12-01,24.11839547990074,-11.31251774431948,17.01482801916538,-4.102503723809325
2000-12-02,23.821956687590472,-11.137679973797539,15.905825101246231,-2.7858561838379274
2000-12-03,22.944535839446562,-12.819697161392,17.532180133688858,-2.218837820251127
2000-12-04,23.71584306269652,-12.486857500165145,17.794729714825998,-2.3619979367526382
2000-12-05,23.945219468201138,-13.634499966975493,17.958829515238,-1.3289455235009486
2000-12-06,23.628361937961927,-14.448312841862094,17.57487256854493,-0.4758175565171082
2000-12-07,22.260957833129886,-15.568116758164313,16.49526452889816,0.10829094017666974
2000-12-08,20.003597786485994,-14.92413014246426,16.154326571336533,1.9390150939177988
2000-12-09,19.69219849532062,-13.86087571538243,16.057787152858463,1.5960581038786623
2000-12-10,19.19454347029532,-15.38913825591837,15.596243999897695,2.930749587407006
2000-12-11,19.43212290272345,-13.139384530731608,13.481453491853669,4.862296931059542
2000-12-12,20.47084838568182,-12.892446529267088,12.766720467847144,4.834616885544433
2000-12-13,18.59241031927465,-11.554641020456108,10.249554811300044,4.77985175268966
2000-12-14,19.81287714532306,-13.529550218775553,11.569734332937488,7.132334707125622
2000-12-15,19.25854678385113,-12.05889018008714,11.826787453215339,7.962376263797854
2000-12-16,19.71778510180974,-11.437540423882162,10.336755049052543,7.243064757081422
2000-12-17,19.545095004534755,-11.964328328510346,9.107541942072341,7.552662258899824
2000-12-18,19.662101597836852,-12.756680423886891,9.467388059138273,8.033998109353245
2000-12-19,20.156769841379983,-12.059718942047317,10.63682625659376,9.260747922654517
2000-12-20,21.14786959736558,-11.4415762791003,12.88045544802044,10.41860222616262
2000-12-21,21.901952945978227,-11.10035520752071,14.241822662720335,11.183230809517138
2000-12-22,23.28912081599326,-10.257302518169475,14.295911336202119,11.224433033533233
2000-12-23,23.24222262011346,-11.172496935971267,13.132199802451645,11.662653075900945
2000-12-24,22.919575042957707,-12.243992618424393,13.17406849484637,12.72690779376206
2000-12-25,23.525124187531922,-10.483853537881966,14.142657390944779,13.225722973717746
2000-12-26,25.877766453576317,-9.297842423857933,15.212013451373654,11.261180075402528
2000-12-27,24.59489456749575,-9.820237447574788,15.516140170239982,10.953616946865989
2000-12-28,26.14604804170913,-11.18855846867217,15.062214934615424,11.210164092355793
2000-12-29,28.152027505655028,-10.29046638240522,12.846654910383855,12.928185782961554
2000-12-30,28.962994017039822,-10.43455111635986,14.827986373377573,12.046408988382957
2000-12-31,29.153855867513123,-10.206275520720475,15.471749539140768,10.40311111217559
2001-01-01,27.87346519491443,-8.033186294298806,14.159274988766258,10.397237891092496
2001-01-02,29.393786271597296,-7.597742143722373,14.007584752773091,9.387934560537087
2001-01-03,28.11883440175372,-8.702090801997228,12.88695319477475,9.57184490222651
2001-01-04,28.623246208224376,-7.334164579912271,11.317995319793152,9.482527669064458
2001-01-05,29.63660742814881,-5.810772693647954,10.594288792661489,8.194669547557863
2001-01-06,30.592401205631088,-5.081662851905936,10.694670386674916,8.96628690381196
2001-01-07,28.244349990688743,-4.004152269038013,11.535211136819877,9.420939663021395
2001-01-08,27.879531716345383,-5.894095264582223,12.12768454305268,10.125774109373216
2001-01-09,29.108841295833177,-5.581366818854018,13.851535389594742,9.57021582014456
2001-01-10,28.7570875525918,-6.521648140736363,13.742104947208649,7.921708450161842
2001-01-11,27.104448613270588,-4.828333646430759,15.672085923383307,8.383998004750577
2001-01-12,28.369332222407397,-4.4358363167420665,16.054185462078067,7.489697549049384
2001-01-13,27.23333038959651,-5.0566974874806085,15.802794657652667,7.349449461134607
2001-01-14,27.114891187098852,-5.515312664631859,15.054300588241484,8.021425798761856
2001-01-15,28.978967942945864,-5.47342980421205,13.539875349306525,6.824379295044001
2001-01-16,31.189653611445355,-4.100429436784781,15.147688210055028,8.22773762619884
2001-01-17,30.654445479284437,-3.582218720925656,14.793950871943998,8.108970845086192
2001-01-18,32.255413064503344,-4.144879239663293,13.11063206848104,8.42371526556056
2001-01-19,30.17397389672351,-2.978074923734675,12.780077015776717,7.374680001421321
2001-01-20,30.022162411357343,-3.860674657794385,11.97411463461077,7.091222058813586
2001-01-21,31.29073825529951,-4.593402917381687,10.977467744236979,7.095103848153807
2001-01-22,32.64495549620823,-3.023530252988211,9.820732937041189,6.778109359482065
2001-01-23,33.42151820893787,-2.8356475927945195,10.049188013677005,4.847414767582221
2001-01-24,32.76307936742158,-1.7667516448043306,8.719489873249733,3.758609448230708
2001-01-25,30.416994161595778,-2.2988119623191725,8.537784402784984,4.20961853624752
2001-01-26,29.21743038248352,-3.2529129877664866,8.666327937742317,3.711275066897273
2001-01-27,30.475980124657717,-3.281011780997564,8.306072486222169,2.498195548608876
2001-01-28,30.97444241009613,-4.121194717758113,9.90999563285411,1.5155752714634247
2001-01-29,32.14669773371286,-4.632475035601613,9.653159487245906,1.9256002150778293
2001-01-30,32.76655320053795,-3.9430859673041425,10.2952416894354,2.7064683770927345
2001-01-31,31.196630555948293,-2.554783767057832,10.237435524515933,2.7161722116597065
2001-02-01,31.188411986048685,-1.494872992342332,11.533186580478604,2.8714449438286036
2001-02-02,32.94612509809008,-1.4355115915230443,12.704471471239035,2.3475039552391097
2001-02-03,33.82576716561635,-1.2965630568504865,12.132994379513747,3.7040616997309583
2001-02-04,32.5899681279467,-2.3135874122912843,13.122410946391154,4.096693046822644
2001-02-05,32.47608508600912,-4.337516571579694,12.21364385108588,5.9874459623430685
2001-02-06,32.41020311045521,-5.1447935485229905,11.773708305373189,5.303399219694509
2001-02-07,34.23991012468714,-4.55228505256727,11.58555812791116,7.412133094100122
2001-02-08,37.13797797567008,-5.0266938837837,13.035361549281568,7.128950071563214
2001-02-09,37.490031310938484,-6.435248333620434,10.138960003380728,8.38604991804598
2001-02-10,38.62661469111778,-6.991816144411367,10.220570070837232,8.176220943084205
2001-02-11,39.45743391215621,-6.40862172402464,10.021693677356426,7.18130958024758
2001-02-12,39.949557343241835,-6.639154096677687,10.564628502729544,8.170122265281442
2001-02-13,38.323149053128446,-5.847905448700048,10.832390118700745,8.12872969925116
2001-02-14,37.79080818952385,-4.577681550488729,12.167002437465785,7.518064470500741
2001-02-15,37.01981602669541,-3.2764480591668805,12.437913522326808,6.076690840773369
2001-02-16,37.24785719862117,-0.784156018490592,11.532178150692955,5.099356816016996
2001-02-17,37.735113513330674,-1.2799676427735558,10.564590318415307,7.052702434483709
2001-02-18,37.06419562134102,-0.5997160163629564,12.026525435243636,6.96851564083104
2001-02-19,36.46993931434968,-1.055540593954156,12.059493613170831,8.497269696690996
2001-02-20,37.42234482106464,-1.4466930325195668,12.614520097596998,8.698983815612475
2001-02-21,38.00257319347358,-2.2832631324439627,11.461522427854723,7.680366119427198
2001-02-22,37.87754242307862,-4.029135112041296,13.405402487061632,8.062152546180776
2001-02-23,38.243580054335396,-4.592848015886913,11.040351808663107,10.027987784259137
2001-02-24,37.81692771510445,-7.4585422573582445,11.07472521782655,10.684231865420282
2001-02-25,37.90597549835079,-7.95345186334815,10.428257946532376,10.298909751837291
2001-02-26,38.40599723434154,-6.2361412821631586,11.783567721961102,9.20432149991761
2001-02-27,38.21469378483481,-3.754799547081701,12.053483619749127,8.962281507692394
2001-02-28,36.51531843250165,-5.952443683842748,11.696657359802517,9.241622912053732
2001-03-01,37.42564195645094,-4.681545638261384,11.195451251957069,8.058354417182235
2001-03-02,36.990097920726264,-5.297570195619682,10.94353480831638,7.503594585438564
2001-03-03,36.685478280763995,-6.319026505268081,10.536057961903943,7.661351949386442
2001-03-04,37.851311121572444,-6.5507622675971415,9.156349341085166,6.320388703971792
2001-03-05,37.54695036963302,-7.153081177729542,9.175367633158896,6.398890946332344
2001-03-06,37.70645701390294,-5.406195734001211,9.335257725322244,6.646117791682735
2001-03-07,38.807024745335625,-4.99482010523005,7.73889652709069,6.209482810065296
2001-03-08,37.32758558897595,-4.023992220269967,6.502831082875943,7.200751931391495
2001-03-09,39.64329024336958,-3.104814603487694,4.60709350270988,6.711312359161929
2001-03-10,39.55082857576461,-2.391181241612367,4.115102446872676,7.738653971655812
2001-03-11,38.9633310903024,-1.7188683132941698,4.0217453484972445,6.745309964021451
2001-03-12,39.40740611115886,-0.9268050337552631,2.8719047431789138,6.582200253184619
2001-03-13,39.67768669740737,-0.7368187372050279,2.209584054618529,5.721796907742862
2001-03-14,40.74830215607316,-0.43783834761847573,1.4457190481444298,6.309617426758959
2001-03-15,39.835116098105786,0.046001857865504814,1.0254367455632212,6.562327053803597
2001-03-16,40.37025604804207,-0.04997628136044738,0.9878965067717862,7.033125294040051
2001-03-17,41.1005724330943,-0.18760987013573574,0.7772082657897582,8.974401954002989
2001-03-18,41.75268975671113,-0.2378140630393256,1.4699475021154107,8.453281062958396
2001-03-19,40.4059878181339,2.3175762165782348,0.4767120492365007,9.298355269113193
2001-03-20,39.88186671267772,3.4062470995531022,2.2047612872089473,8.813736733989787
2001-03-21,38.123647789087656,5.0690163236186745,1.7287370886701274,7.775354999341356
2001-03-22,35.34700285285462,4.621695163780054,3.9850478632538957,8.520414183034033
2001-03-23,33.200448465459296,4.932746658951175,2.2510825522817206,6.648528878219475
2001-03-24,31.64832923030728,4.69845744880896,3.9598297072470467,6.000548460106018
2001-03-25,31.678643290495692,5.397777930553484,4.661685877178097,5.492075890421793
2001-03-26,31.849489870236972,4.018698993740379,5.073069284912958,4.301517212045497
2001-03-27,30.89338540095168,2.66654454881425,4.595973242089375,3.909310710798017
2001-03-28,30.506292114070117,3.8177951331901596,4.117999897767422,4.476626090686234
2001-03-29,32.03465704157614,4.779802915170246,3.4913206708201763,3.7726024224291597
2001-03-30,32.745559282231994,5.411439263412865,2.823063920249334,5.0337504431908595
2001-03-31,33.15654515785677,4.2913700250175735,1.5941682162850281,4.5421729939656705
2001-04-01,32.891007991539276,4.044594769967183,1.0446203017759823,4.03515962271456
2001-04-02,34.582762902517075,3.2102993973052847,0.9828319655549111,2.943437452372644
2001-04-03,31.635382935381852,4.141822524017599,0.36460076470398883,1.8106418319861877
2001-04-04,32.22690425409486,4.288153467742321,0.18736271542591118,2.05838858343862
2001-04-05,31.543700215284456,5.211401564652073,-0.8096760968317916,2.3433157347882934
2001-04-06,32.27725023924652,6.140872323773349,-1.4114555195081269,2.047963743873188
2001-04-07,31.74639484286675,6.837021014291688,-2.1269130220333334,2.9384354783617295
2001-04-08,31.264242431915093,7.206708985308275,-3.039745284906568,2.956932802836782
2001-04-09,32.146071027120016,7.276090322504259,-1.1179999326926426,4.24736899905367
2001-04-10,33.05577882750757,6.754426568193263,-0.8535847204111789,3.600983310973616
2001-04-11,33.33129095182755,5.77514841636901,-0.7531536584938605,4.375077723380785
2001-04-12,33.57958419802508,6.782745377007496,-1.416556174772839,3.857679730921254
2001-04-13,34.483196781661405,6.7415904898947865,-2.0835100446737598,4.851660878501061
2001-04-14,35.71743082355885,6.334735892079603,-5.015893749600849,6.432877947219605
2001-04-15,35.46835395268153,6.510477946310782,-3.1307232040761974,7.3791753110883676
2001-04-16,35.340865509911254,6.295957512516829,-3.931678500722427,4.470907883288531
2001-04-17,37.24324412756311,4.023121773586713,-4.856891006418747,3.2664737476343912
2001-04-18,36.4096732273587,4.78156142675739,-5.903190380353687,3.563251283215665
2001-04-19,37.16499665371397,5.03214584437647,-6.69627055309603,2.9955362953465148
2001-04-20,37.98449843021631,6.342640064305544,-7.793113725524017,2.6188711333885872
2001-04-21,40.80626644248001,6.027758021232047,-8.781217119045477,2.855400399234978
2001-04-22,42.28642456703382,5.482008944480053,-7.711664024618765,2.698875096654563
2001-04-23,42.822503103586456,5.212851187759276,-8.277994895497926,0.41502015838915973
2001-04-24,42.594849413351135,4.978103439637337,-6.510480101404525,-1.0594931161175924
2001-04-25,43.61564891273514,5.934605556281919,-6.380258604116013,-1.2525808691047573
2001-04-26,43.77376459933324,5.693925065841547,-6.431628142503648,-2.0489475161779134
2001-04-27,43.698371575843524,6.139325018707424,-7.32022807247651,-2.2421594865401495
2001-04-28,44.625458645508964,6.846340121492209,-6.527946087333477,-2.3562860156861944
2001-04-29,43.421455610681775,6.834925654075788,-5.413112895190287,-0.5666489068207872
2001-04-30,45.8223492988295,6.057942624114445,-6.164401539200554,-0.8929028438990367
2001-05-01,46.338351118079416,5.327096719798968,-6.521312624742069,-0.5209927937016288
2001-05-02,47.14202215862307,5.09038468097724,-4.904564045196636,-1.9687240869918439
2001-05-03,47.11916225712275,3.6959402087657427,-4.3690215702743,-0.6414503303444896
2001-05-04,46.997371571259194,2.990561358050375,-4.5942514943311785,-0.7409488247701445
2001-05-05,47.69289231801445,2.8920324968745565,-4.5957277627460495,0.47876323630488493
2001-05-06,47.955202615404986,1.5056400338133293,-3.400632357056474,2.056444418907832
2001-05-07,47.90071426865881,0.7360613066121544,-3.7214355392140916,-0.2188249222680092
2001-05-08,46.46086169848046,1.011745378312658,-3.7355894221373744,-0.2570970608047162
2001-05-09,47.29719966020515,1.9448766661486339,-4.56033232049097,-1.7553878513205252
2001-05-10,46.16951568345871,2.7107854114670054,-5.727233825622728,-2.0626092353051506
2001-05-11,45.264585683666866,3.4054998931230944,-7.420492780064377,-2.6702076572230284
2001-05-12,44.734799934876406,4.03947000991038,-6.034100995870809,-3.1534458828830947
2001-05-13,43.967231002006805,3.1229396440860526,-5.524399354893345,-3.7469219935677183
2001-05-14,45.27162723493215,2.9774143351787203,-5.842255377053448,-5.506097020877826
2001-05-15,44.482125345211195,3.7280027767815227,-4.878262632702224,-5.7787004771936425
2001-05-16,45.44825124460516,3.535476924273477,-5.276009269506653,-5.760489482801473
2001-05-17,44.53658814036967,2.5897387720539777,-5.043533271412261,-5.832182120473965
2001-05-18,43.203474837969694,3.4607859120909867,-3.8301944741523632,-5.539722708590738
2001-05-19,42.62551676155282,4.117361871252834,-4.780996226558002,-5.803925065233918
2001-05-20,42.344163008824495,4.56525512502256,-4.596596393700878,-4.8610459082015876
2001-05-21,41.56292853994926,4.8926670429061705,-4.552623436143164,-4.095076862516816
2001-05-22,41.56353326444648,3.523984507859165,-4.5187411143309,-3.039700984553255
2001-05-23,41.322102521863265,4.171602981696892,-3.5847708577486674,-3.537172304298601
2001-05-24,42.83918072091716,3.8180432070967427,-3.931212935031345,-2.692621437495988
2001-05-25,43.066748897313204,4.336168884186524,-4.5784836149248065,-3.131279464518177
2001-05-26,43.23620852676248,2.37448330436683,-3.021369760058934,-2.938695300563319
2001-05-27,42.425689534282306,1.7833619303028858,-1.7159636623103125,-2.2673553996944205
2001-05-28,42.995676990687606,1.157409728691993,-0.8808137356787714,-3.715249918749014
2001-05-29,43.0676840466516,1.861435944213326,-0.9723193600779397,-3.583941928341847
2001-05-30,45.219463470230735,1.3872924284149488,-1.7881700955988813,-4.182433353839801
2001-05-31,45.25245733821671,1.4166935364743731,-0.6800418041850296,-4.270547949532742
2001-06-01,44.94446225224274,1.9632112739694088,-0.024470355572132507,-5.181091597670778
2001-06-02,43.05973620932247,2.0891381134749825,0.03700526025304035,-4.614657747091764
2001-06-03,44.497331049856825,2.218732819917221,0.25068903848150426,-4.739283556005761
2001-06-04,45.114899658869184,4.795748655484198,0.07137947502698089,-3.9164188529311974
2001-06-05,45.02510695774984,4.669429436422805,-1.4822955125170605,-5.507957176295333
2001-06-06,44.97317265134418,5.281678071792943,-1.078588394740009,-5.977556803991491
2001-06-07,45.19958594788578,4.615200327969644,-1.4512559805559822,-4.184987365461881
2001-06-08,46.00445928760313,5.817374340675571,-1.7569927877451574,-3.3038436507100166
2001-06-09,46.15393022834455,5.387224170398535,-0.8117305558621989,-3.93373542693241
2001-06-10,46.378218893160096,3.425371065551881,-1.0695296369604468,-5.91092025679046
2001-06-11,45.72065052022126,2.94984779775565,-0.07883080886250748,-5.424619818382475
2001-06-12,45.060249403257075,3.9618760364874035,-0.3540271232555647,-6.992085307924717
2001-06-13,45.32075270185165,3.3543455922598113,0.40340538097915263,-7.518972057922924
2001-06-14,45.317924873700655,2.764024461317938,0.7821107529726847,-5.975554958717204
2001-06-15,43.88056778119141,2.7526874756921784,1.2855818557893741,-7.416704092797671
2001-06-16,42.75838961545458,3.132618675311216,1.9817534178956089,-8.03619702915273
2001-06-17,44.08239830342659,2.3015542638035007,1.3999758077567384,-9.713077635738346
2001-06-18,43.129845999441315,2.772388052801973,3.186608861247281,-7.187997582853313
2001-06-19,43.064577752455236,3.7454545187434736,1.933855506083337,-7.925210789830944
2001-06-20,43.60087245992566,3.625689996109577,1.420258206010104,-8.32973835340893
2001-06-21,42.45584669530414,4.203308185474929,1.9507765771399428,-7.197780166362065
2001-06-22,41.89563577257454,4.389569956218775,1.465201690879271,-7.364792630001347
2001-06-23,43.538399638057186,5.264306153822224,0.8614320993012715,-7.599741411771107
2001-06-24,42.52877571868134,5.253998736518008,1.327724269883717,-6.028191139723567
2001-06-25,42.21069991758308,6.013920430064135,1.8753910738483954,-5.430598536676383
2001-06-26,41.242079461154724,4.848203920238981,1.3493253352652856,-5.498277040984206
2001-06-27,41.32941763928499,5.748053806699824,1.6550008166220485,-5.938045111584481
2001-06-28,42.35283691782519,6.619118242208096,2.2392638545614583,-5.066428908942544
2001-06-29,42.5823218487691,7.165077230121486,1.4843894663535449,-5.375468500779721
2001-06-30,43.5637461365835,6.522164308747132,2.8118970446574503,-6.723586502333618
2001-07-01,43.158052455980574,7.128649872234558,2.9575758291114567,-8.338523510886649
2001-07-02,41.28123858956384,5.4048260238255015,3.9690171380385064,-7.725111979387811
2001-07-03,41.99058133886783,5.891146762038256,4.051646007504462,-8.579813765574404
2001-07-04,41.680104546102555,7.684370582808125,3.763902241573887,-9.549840106255319
2001-07-05,38.88296114525242,7.827219121848063,4.411289293361424,-10.109010591056434
2001-07-06,40.01738470077309,7.754557818755793,5.686007703494466,-10.712960932572244
2001-07-07,39.54238695444136,8.26619664560084,6.830079394703594,-11.717246253933105
2001-07-08,40.621612747728264,8.524599668858446,9.18342486016008,-11.15610718420524
2001-07-09,39.555765571093595,7.432402887149648,10.39676556459613,-11.716964436179692
2001-07-10,40.17246417951567,9.181598537397909,8.38185186947004,-11.803018300011862
2001-07-11,40.065862536276164,9.685406763670928,6.179984708395014,-12.968050053121212
2001-07-12,40.82086184805533,10.724921154990417,6.013111533553411,-12.21193811998949
2001-07-13,40.335396454374255,8.61458604735445,5.452350368176938,-12.360169392354427
2001-07-14,39.972055703559946,7.785496021834071,5.341586903307808,-12.841869216886366
2001-07-15,38.554378854877186,9.493023442212108,7.195042621800378,-12.82462098854884
2001-07-16,38.13310284870006,8.837433737241746,5.63100811117986,-13.562183851602086
2001-07-17,39.296832970511424,9.027452619160568,6.739049411183217,-12.155681640163959
2001-07-18,38.27643152277797,10.445173438234386,7.096972813518815,-10.681464476852183
2001-07-19,36.2120268363071,10.431521423336875,6.857118129757249,-10.345028033729507
2001-07-20,34.69823437443742,8.675426037620484,7.148577241801437,-10.68009680336448
2001-07-21,33.49065212050737,8.162078581339841,8.786284355977552,-10.370120557124615
2001-07-22,31.963575522193135,6.5424809161422415,9.672203019898832,-11.666987611764727
2001-07-23,31.551759924383543,5.939985925332823,10.646957568155948,-10.28811953755731
2001-07-24,31.972964238660126,4.196082646864923,9.829943827506133,-9.714407247090014
2001-07-25,31.126290454357147,3.148410797184698,9.849285015717625,-10.278833364332966
2001-07-26,30.82854564164248,3.3804395836467025,10.71673410721784,-8.74681140153001
2001-07-27,30.463162937159208,3.292416531356199,10.528622023987076,-8.379335199228004
2001-07-28,29.587769299106903,3.141930436299578,8.919364655215961,-7.988415927071432
2001-07-29,30.851337415889887,2.999216268096873,6.646545406199718,-8.708140533120405
2001-07-30,31.028227749156258,4.631502337182781,6.690563149591398,-7.770389272356617
2001-07-31,32.42868346482907,4.157796900527769,7.304251707292645,-5.4975632059869515
2001-08-01,30.673117901152622,3.0544039095759983,7.047472431049664,-5.127153363001767
2001-08-02,32.41765385772442,5.146334972700968,7.839357332217156,-4.259746876087965
2001-08-03,31.530548968193646,3.640971753447567,6.172141474929985,-4.952120536957409
2001-08-04,30.53536518284446,3.592721471710992,4.630633167378832,-3.187897172808233
2001-08-05,30.801703270800434,3.2679400691664022,4.939218861411966,-3.7717086654586236
2001-08-06,30.206749254700895,3.2060888054156096,3.6599536405387942,-2.6408471100074555
2001-08-07,28.904175364229662,1.72876209260268,4.965593154979904,-3.167414520958819
2001-08-08,28.814597527623476,3.3398867723700723,5.6604838037617995,-2.9349816440974053
2001-08-09,29.626690032937304,4.094727105553082,4.81218736377547,-2.6282886878819887
2001-08-10,29.18440450877597,3.809984322723686,4.355930039470528,-4.330959910845882
2001-08-11,29.333738089058425,3.8949840570308774,3.2771228747580037,-5.744506241718061
2001-08-12,29.41924625724786,3.0921429596217855,3.8582388713291995,-6.615098125014096
2001-08-13,27.90438762508309,3.920934222633802,3.956558219639929,-5.3933292598625515
2001-08-14,27.394034085685753,3.634697603239248,3.71552102754922,-4.910285844070329
2001-08-15,27.934421268016777,2.957152916244987,3.3991156157290723,-5.092503284757871
2001-08-16,27.23822635207257,2.9489832254150836,3.59836230972225,-3.7303512578572486
2001-08-17,26.427284463427398,2.5220584935303125,3.9798599018873637,-4.200543037168645
2001-08-18,27.81495841505354,3.2555002049760793,3.922415942706357,-3.4985042155271846
2001-08-19,27.888073031694812,3.1124623358887398,2.1516491091549135,-3.1718908552457954
2001-08-20,27.31179863836732,4.057396785001683,3.9841124662249765,-4.055552225794003
2001-08-21,27.493042235362644,3.9470385502932146,2.893872016831409,-6.396275304163074
2001-08-22,26.704357813579957,3.456766253844876,2.6724112542036393,-4.471110795372699
2001-08-23,25.901006153353954,4.249851734918112,3.7186514458516005,-5.360767491700787
2001-08-24,25.795584405764856,4.654058788995059,2.3091706281268256,-6.597305720638834
2001-08-25,26.387766127696114,4.440624894472592,1.6211087018548453,-7.559593540312761
2001-08-26,25.14757474269648,5.39486854122462,2.3306008525256954,-9.332394767614717
2001-08-27,25.317920571095158,5.020367694596476,1.5749047331080401,-8.421191066571385
2001-08-28,24.94597172341996,4.839706960870164,1.9212153922435973,-7.92878597326584
2001-08-29,24.49292751395914,4.680807571896157,1.2476942256127534,-8.104878129760662
2001-08-30,23.656817547542886,4.49157749585993,0.7418507263714367,-6.772388502487529
2001-08-31,24.935607256854016,3.934281815823234,0.6556470950743177,-5.076003055110844
2001-09-01,25.78203174845348,4.884069021598114,0.01084129570649972,-5.736254469638942
2001-09-02,25.89533373962722,4.278355250836987,-0.6242476395690614,-3.494054516089963
2001-09-03,25.336296582230684,5.648406457422661,1.6452671637925982,-4.841328430540212
2001-09-04,26.684975018078767,6.18323197989996,2.573276934965202,-5.216196265133947
2001-09-05,27.256163594623306,6.231307485202172,2.355131603775569,-5.679521234834636
2001-09-06,26.599338106213903,4.889032993557688,1.9585843593956849,-6.1587545760645375
2001-09-07,25.596097608794253,3.4173070161517964,1.8371441926729986,-7.883946989661635
2001-09-08,26.08647077520913,2.5952424269778147,2.1880567425387243,-7.742653511624407
2001-09-09,26.63133050228864,5.010568405298491,2.3803745441112727,-6.719559662750869
2001-09-10,25.537196531356095,6.775933694391001,2.081528623459405,-7.552436648629426
2001-09-11,24.948894956206928,9.075535601411815,3.717278909725364,-9.609552174323309
2001-09-12,25.727529575805857,9.383146300088656,3.1079285994026775,-8.836777720054261
2001-09-13,24.828424362284302,10.21631025438062,3.9126527690961685,-8.602060751372868
2001-09-14,25.705994747576767,10.503926577899389,4.429545934609157,-10.041721169932902
2001-09-15,25.20375122856381,11.141358070610037,3.217497285004078,-10.826509933797338
2001-09-16,26.712780100192276,10.85607072327263,5.325945935499368,-10.753474716353546
2001-09-17,27.007960113640095,12.160110114422436,6.368758259808578,-12.30692741194337
2001-09-18,24.900372040996885,12.607299217111917,6.06526985390703,-14.068403556092354
2001-09-19,24.90806072467703,11.03386301754124,5.721296540591489,-14.387910148185046
2001-09-20,24.26712700516952,9.705411740239555,5.339786674978335,-15.525983654387915
2001-09-21,23.745051692952337,11.055129470087545,8.192750569154413,-15.05098106788861
2001-09-22,22.771766228616055,10.161322897611832,7.598686463074657,-14.176094183252431
2001-09-23,21.75451717186564,9.463283247071413,6.441010325269502,-15.031789141207263
2001-09-24,24.041521666595177,8.557702542448252,7.829854566882457,-14.564822243963034
2001-09-25,24.73253854538519,7.175161812164511,7.722558345404275,-14.627262016973038
2001-09-26,23.08968450100693,6.3149566313284975,8.311105417346461,-15.108232006239914
2001-09-27,23.677909933025834,6.587073093786396,7.9413216440425956,-14.26218779062548
2001-09-28,23.62693495662507,6.812851888861848,8.467423203347192,-12.323709347036967
2001-09-29,23.766372228166297,6.781916635745314,6.474039846987133,-11.624613050595665
2001-09-30,24.454799254923344,8.042715076166752,5.220974692374191,-11.397136354001189
2001-10-01,23.710865120168375,7.8405534167838695,6.0678856490285895,-12.990842051052846
2001-10-02,24.885643038654514,8.546807797086466,6.3399249536901845,-11.108600633234996
2001-10-03,25.058574980763495,9.115598737689975,7.217071632289138,-11.809399662793703
2001-10-04,24.787829419691807,9.702058660686314,4.439161343343252,-13.119806682334831
2001-10-05,25.47274721545977,9.910053712947315,3.977343007791867,-13.399472566668106
2001-10-06,24.40406712736603,12.265253246209848,3.995016743369767,-13.40160314189431
2001-10-07,24.281023176180234,12.614425985726225,5.571953062531946,-12.872151122963295
2001-10-08,24.49258392488359,13.901485823034474,4.338071576748421,-11.759588383910058
2001-10-09,24.157680829907658,13.327587514578537,3.823609297303494,-11.867678975243185
2001-10-10,23.050273323673075,11.313783357593934,3.92992492644065,-12.65068095055602
2001-10-11,24.068219347953857,12.992762332526794,3.5513213580884897,-12.265564397956672
2001-10-12,25.733609588614026,14.737418378159097,4.216452703996672,-12.429590887618108
2001-10-13,24.20458006935345,15.15240457716939,3.9357927365459062,-12.847555300942487
2001-10-14,21.31309023298766,16.26381775457955,4.718753624485274,-13.747565764699392
2001-10-15,21.269956953523206,13.613423578628142,3.488680147322003,-14.30040024308386
2001-10-16,20.78093969818613,13.308738254888096,3.294248602130145,-13.43344250266571
2001-10-17,20.429287150616695,12.748566179445504,3.4386136602609785,-14.383188212771657
2001-10-18,22.196655853786424,13.272701457160881,1.8083259602424104,-13.842794041055962
2001-10-19,22.30153899181316,11.782112627991236,2.577028296398325,-14.671999949855731
2001-10-20,24.069055252955348,9.369205688262193,3.2378426002990133,-12.475801480362925
2001-10-21,24.17299746921454,10.532372395461758,2.9426344819536197,-11.2848330492323
2001-10-22,24.679122871613885,11.008403408031292,2.882906815383882,-12.502504172120531
2001-10-23,24.562086574621787,12.678290943115147,2.9077123124813604,-12.3667843709879
2001-10-24,25.144508478908957,14.019604773309684,3.6874052712684007,-11.733006308770767
2001-10-25,25.421301486038704,14.613871670183173,4.328560021743205,-10.974796693147269
2001-10-26,26.409104435013745,15.03574715296989,3.7143557883249927,-11.320980434081493
2001-10-27,24.885340221809155,16.625239605459704,4.636933468051538,-10.679577147574324
2001-10-28,23.820196222289756,18.031400476343244,2.7057645649305666,-10.51970033892491
2001-10-29,22.565870683678618,16.37004676871582,2.9309025812844878,-11.796767205613152
2001-10-30,23.706894417427524,16.098646998111832,2.7127914096906345,-11.255170533694246
2001-10-31,24.101421894823815,14.05173375903945,2.7110174695587306,-12.000377528743819
2001-11-01,23.377792283862487,14.175064359780427,2.8459751272405627,-13.172752510414758
2001-11-02,24.468152596207442,14.341214521163268,3.4378779645447666,-15.051453852691207
2001-11-03,24.00806354082595,14.639771973182931,2.133625886953876,-14.173868488786363
2001-11-04,25.704428075544726,13.624454827579724,3.9065514964928028,-14.086822515122677
2001-11-05,26.447662033051145,14.28340599877332,4.328028762837124,-14.305036282410283
2001-11-06,27.998420158225656,12.955081285877602,3.9855714752283298,-15.193538669412707
2001-11-07,26.82965707480626,13.029975274579948,4.262908158698425,-13.282792109343651
2001-11-08,26.710060943180768,13.503074693633039,5.136373762669591,-12.959671578564887
2001-11-09,26.805620722304923,14.037403651357657,4.949488666286161,-12.63327576251682
2001-11-10,26.55848325861486,12.581309536883767,6.614850788604239,-13.399019473871153
2001-11-11,25.667953784601753,14.418587745540513,6.343353917092044,-12.189195622212253
2001-11-12,27.10854408664285,16.79593146194538,6.282342166458888,-13.837101549235133
2001-11-13,28.046336264462692,17.927704214073998,7.706815772079929,-14.513220595908876
2001-11-14,28.188001780761354,18.270364945726172,7.692220737048095,-14.118918771996302
2001-11-15,28.49249379440766,18.095468548180314,7.597617208316447,-13.408506063128927
2001-11-16,27.828060279393267,18.324072901326172,7.631171184281829,-13.244519973457528
2001-11-17,28.522115700671602,20.188206838323932,8.36287972964267,-13.891348161993221
2001-11-18,28.794591666743,20.915132345172974,6.945719754301484,-12.445841793021692
2001-11-19,28.85004608945177,20.573581897404527,6.521951501997455,-11.494358980551645
2001-11-20,28.555466710334517,21.33794961456247,8.44710649052681,-11.912721365737186
2001-11-21,26.85363014675422,22.103110528354225,8.397114246469341,-10.959865979003148
2001-11-22,27.39615694020009,21.364239298099044,9.315596269931357,-11.284545808474665
2001-11-23,25.372713012044755,22.934707825609404,8.982323559172983,-10.764327260004638
2001-11-24,25.700469006063237,23.106716972515986,9.000907869693613,-9.498366775273372
2001-11-25,26.336253472859124,22.936331307586133,8.334911072990499,-9.07815761138857
2001-11-26,24.509583245950942,23.789880542933325,7.805706310737425,-8.954964040183032
2001-11-27,24.457553007884844,24.409506021178792,9.167053686409554,-10.199694435254173
2001-11-28,24.05788606614262,25.040533354443767,10.734568742323214,-12.261267777451735
2001-11-29,23.9610962985996,24.69425615786602,10.41256591503169,-11.683194951654022
2001-11-30,21.827389630027476,24.245502364093028,11.436462125889486,-11.45291088835748
2001-12-01,22.715302941677148,25.42638894713122,9.453873767089137,-10.618881123079019
2001-12-02,23.202325400743366,26.393942025289274,9.925693004277628,-9.198026092016356
2001-12-03,23.172946936492533,26.925370941408918,10.492785734959352,-9.499053986416184
2001-12-04,23.705058176675493,26.25669461995201,9.296402050024433,-8.115289312685942
2001-12-05,23.098784725785983,26.8032615954135,9.990915202546685,-6.036959940648912
2001-12-06,23.23717327245621,26.321846011284272,9.966161491100314,-6.918670088888834
2001-12-07,23.315332757045446,25.951831124323185,11.199070360973336,-6.845179136422453
2001-12-08,23.282760789916615,25.39481787248188,11.92324382443844,-4.838832804303743
2001-12-09,24.051108138322096,25.752514222416224,10.684858861381691,-3.747786495741668
2001-12-10,22.9009929845362,26.868185992263758,10.992854227692353,-4.029395592408289
2001-12-11,24.756125337263235,27.81521552720846,9.632953680125532,-2.478645072089634
2001-12-12,26.288121537046827,26.627930998200192,10.048175073105842,-3.1294865879358453
2001-12-13,25.803298294403803,26.853019067599607,11.911632828508091,-2.2895848316317498
2001-12-14,25.44880808916807,27.00973924797631,10.923069096002001,-3.4633532531194016
2001-12-15,25.038028595863448,28.119727981566577,11.129584226136972,-3.109108940783995
2001-12-16,25.113512086456527,27.545755339793633,10.653630558517689,-3.105836888777005
2001-12-17,25.291860071044038,28.233980521628684,11.806445862074332,-2.0770006622394916
2001-12-18,24.894400222412617,27.65983356879039,11.876843525783745,-2.6401929322021003
2001-12-19,24.03978206047891,26.79292921700811,10.885620423446447,-1.3802931766546858
2001-12-20,24.29844174063645,26.285245239144633,10.041718811151734,-2.669444112768345
2001-12-21,23.620803404993634,26.143595602842083,10.333585122538944,-3.292856770494463
2001-12-22,22.134376128436628,26.828057157504237,10.30319042288296,-5.495777995784519
2001-12-23,21.42992379551582,27.152848429777176,12.192850177161167,-5.925565593536843
2001-12-24,21.393930895519386,25.871858140635666,11.12491239010357,-6.549348753842713
2001-12-25,20.126678253815392,25.88326559049853,13.55938077104809,-5.654707994241996
2001-12-26,21.29914465719966,26.95255980295421,13.097450641376765,-6.0620548512703305
2001-12-27,20.92302617908874,26.61394278612008,15.606036662986895,-6.154496627326609
2001-12-28,21.763526629243916,27.06840828628683,15.908086967017024,-7.1844056879366756
2001-12-29,20.323119285838104,27.304505824407602,14.950392251595813,-6.382353627217026
2001-12-30,19.97255842158824,28.013262038063488,15.138107264961215,-5.003791902886199
2001-12-31,19.490379337577618,27.80592845594172,15.925289777011194,-3.433859940870574
2002-01-01,20.276216091034755,28.078429152926542,15.364541540822739,-3.654494854365802
2002-01-02,20.163209973244342,27.87890158207512,16.070037164278197,-4.376689279922133
2002-01-03,20.52984491907578,28.059177584927927,16.834006615950447,-3.7748891497548986
2002-01-04,20.502520405011257,28.684734553100398,17.02677418209045,-4.268611646121849
2002-01-05,20.175488251458823,28.329256789738157,16.643762940643526,-2.0504419680841077
2002-01-06,19.490867587420492,27.58590570564865,16.83258596804108,-1.1130969899763141
2002-01-07,19.495493738668497,26.613628493127198,16.651927240340115,-2.0503039547917945
2002-01-08,19.15281978443118,25.291032777801856,17.038045673678916,-0.8758808025746401
2002-01-09,18.35182436942574,25.05704067647826,14.488754926821032,-1.9893205388737465
2002-01-10,18.61866123101107,25.860376756930137,13.318439630222631,-5.306220079480584
2002-01-11,18.735105613156,26.211844771610544,13.95186537564947,-4.74770078639941
2002-01-12,19.04807743088188,25.90291995465317,15.149257580659356,-3.474591599932183
2002-01-13,18.161738431349082,26.774928512425955,15.042578462235497,-4.151568868399187
2002-01-14,17.777048953849043,26.953170007284424,14.487585348650924,-5.23197397463964
2002-01-15,17.722933810197457,27.096433024898595,15.132125227312413,-3.117227297199888
2002-01-16,18.29623432786431,27.385244887198795,15.646368156827211,-4.243044884268393
2002-01-17,17.876391535726484,25.199503469102694,13.849159759121196,-4.000921418508732
2002-01-18,17.53128226829473,26.167948175920042,13.55121540677081,-3.9524625062279517
2002-01-19,18.831775689797805,26.189729995158295,15.728734685621053,-4.2215755917343945
2002-01-20,20.448620878459465,27.276737695481927,14.777171357346363,-4.542053572503783
2002-01-21,19.421665151724522,26.765477760592848,13.959512495247461,-4.941395794831893
2002-01-22,20.34827084699901,29.922371075120523,11.499959878555444,-3.9469664996038407
2002-01-23,19.95015895758624,28.774650635640505,12.387857833211202,-3.87089882630705
2002-01-24,19.032187269845636,28.84726182896981,12.78206343368719,-2.944378767957104
2002-01-25,18.051063244588697,29.877433254314763,11.33599497491421,-3.3410099924881083
2002-01-26,18.91157511959047,29.582421352636292,11.432947338409283,-3.601206618633418
2002-01-27,19.716334433942638,28.870245279712552,10.286821215932266,-2.91352301773442
2002-01-28,21.007830610173535,26.153003900952772,7.626952477754459,-4.632022284129652
2002-01-29,20.461639299525952,25.652717716429063,8.184461323328875,-6.023914615737465
2002-01-30,19.109285832741328,26.061665464052627,8.105522667160026,-5.853666649725457
2002-01-31,19.18845728668774,26.695752119427954,9.880414862792778,-6.7964066174970155
2002-02-01,18.07531206239684,25.679080097663963,10.280063006217322,-5.839633901284397
2002-02-02,18.34619051445099,24.49264858630901,9.966200120547942,-4.207117533738804
2002-02-03,18.29925708998642,21.991394711414035,9.27570702611597,-3.116508137136836
2002-02-04,16.155016849937258,22.69502403302641,10.331129988643383,-1.9892435667284012
2002-02-05,17.577423745992782,23.80398392638503,9.900996928174402,-2.5592210460760194
2002-02-06,16.18101794773206,23.214353547366674,11.263174501462125,-1.8261814270941508
2002-02-07,18.0403126778621,22.734447088780147,10.598747248418556,-3.838086093803359
2002-02-08,18.004855036195764,21.587143804063842,11.793770619294783,-4.593762772344459
2002-02-09,19.635166892191023,21.701116536514874,11.370394948682515,-6.023417971783265
2002-02-10,19.73481211709564,21.484271678320415,11.176768005051064,-5.837065909434522
2002-02-11,18.364756735198934,21.913396156857964,11.53940031953831,-4.736005582305678
2002-02-12,18.67677993132002,23.89765945647277,12.561568753009306,-5.0135095898495585
2002-02-13,18.972585252370862,22.790343449194467,13.488605246783665,-5.199204476109804
2002-02-14,20.79892184583266,22.19254906473016,15.224359076727769,-5.773870686309412
2002-02-15,18.43440242890723,22.413586601093847,14.03828974125945,-4.252640311978006
2002-02-16,17.423908450894494,22.9863771145728,13.662846282245962,-3.1012480744164312
2002-02-17,18.612308887403064,24.31300261621227,13.145475444670122,-2.7070894394844
2002-02-18,19.03870426719137,23.940981070120266,15.444484038044354,-4.092167715628994
2002-02-19,19.0256636251234,22.851032204105774,14.952399878278236,-3.758136894622991
2002-02-20,19.148063442175093,24.846107698070764,14.628837856573126,-3.2178089753097914
2002-02-21,17.412278494870908,24.897064842700548,15.282376885802815,-3.6860619960362913
2002-02-22,15.899672869340863,24.50668962515819,13.78577478133062,-3.0847021580907414
2002-02-23,14.543656044030373,25.46664864895412,14.245819919053828,-1.9859457062658668
2002-02-24,13.884669818465564,27.16539758403538,16.36581456101447,-3.320544201946737
2002-02-25,14.81999853446407,27.9147333014676,16.984057937468773,-5.324329571392299
2002-02-26,14.934599377293218,27.699143236751404,16.422402099582076,-5.079261503167707
2002-02-27,17.02511017666506,29.302904658966682,15.977319356137345,-5.117345550991235
2002-02-28,15.616714991836387,28.610180275137104,16.350134931304876,-6.534205136472597
2002-03-01,15.371420745048232,27.726602847866253,15.164354511400099,-7.4628218314169565
2002-03-02,15.412548172532322,27.965542417806887,14.6897046139065,-5.404051631618017
2002-03-03,15.729435308094368,27.154215568682982,15.748453535283115,-4.707738658410414
2002-03-04,15.075391956344422,26.92387131087486,14.82202282554441,-3.9468751846090653
2002-03-05,13.654066329658164,27.407576345546072,14.54196271951251,-6.134041785322534
2002-03-06,15.293549586799333,27.667067115704924,15.379408038271903,-7.166839381010189
2002-03-07,15.363589148020953,27.25101066021506,17.383428903565235,-7.054898812991918
2002-03-08,15.312112912886905,26.78415395922643,17.93332276252481,-6.40276663287903
2002-03-09,15.467781238153972,26.44091679568149,17.6266825673802,-7.240537988968391
2002-03-10,15.060525423614907,27.48632882634156,15.430525282560613,-7.793587763694805
2002-03-11,15.400870368498335,28.668846786764696,13.689611904493773,-6.040562173791455
2002-03-12,14.175003483417532,27.29723502632695,13.843009466837115,-5.576329611074324
2002-03-13,13.548869293086337,27.283561244388803,12.754266219262444,-5.937206559954806
2002-03-14,14.113384683068617,27.768030494968368,13.2398468562801,-6.0188827958109705
2002-03-15,14.501526153855567,26.179172111336356,13.027842013882038,-5.0421647653048005
2002-03-16,14.58059953676919,25.3059482404517,14.174713849599863,-3.298791488534328
2002-03-17,14.585764613339961,25.786468186709392,15.001720248752694,-1.6408546402356405
2002-03-18,15.801534119838783,27.05183494673952,14.549153127984003,-0.17522432529920806
2002-03-19,15.745264180791382,26.433105648495097,13.665381149822911,-0.6641785800814677
2002-03-20,14.638557611514369,27.402623326709666,13.683776621786553,-2.065527812270238
2002-03-21,13.459505222391105,25.042905244726168,12.943864581671946,-2.8068937500588937
2002-03-22,12.24125298924448,24.61007848806746,13.131523666633594,-3.252628114288302
2002-03-23,13.144153774050366,23.70974747947575,12.472356755341005,-2.287465598424544
2002-03-24,13.598071720298705,23.35604194870654,13.268991559950141,-2.9682305509954245
2002-03-25,13.30011129615869,22.820877366121195,12.518722878039943,-3.5162847361806175
2002-03-26,13.34779993814885,23.434120046964544,11.992826027511827,-4.7694364004727205
2002-03-27,11.602362698313412,24.047371673325216,12.843339934706837,-6.017366675337391
2002-03-28,11.741197545012557,22.932759083265516,12.722335275951917,-6.204290218087747
2002-03-29,11.400637242000046,22.057696365964706,12.266468554069602,-6.842976737596669
2002-03-30,10.753167832963339,21.000100460674517,9.78537085844819,-7.130530044490672
2002-03-31,10.312064582554834,20.19583192062834,8.530815397634797,-6.713352204767146
2002-04-01,11.019655818093037,20.113060967591668,8.652840036313922,-7.329716013518788
2002-04-02,12.038572407231543,20.034896822004125,10.529049603554892,-8.268005746121856
2002-04-03,11.556080073330138,17.693703952636458,10.639712888950168,-9.070750626297295
2002-04-04,12.079588899319884,16.187397257398114,11.632488854862254,-8.117679186222778
2002-04-05,11.905435137796355,16.069439676406482,11.190163195334263,-8.563589484580852
2002-04-06,12.366349960696892,17.00209064867933,10.856267530965548,-8.225555853295342
2002-04-07,10.619488106086294,16.942766007195583,11.158339486382836,-9.109635828900366
2002-04-08,9.776254163878743,16.02625082537011,10.257377041155857,-8.435677569843941
2002-04-09,8.019396099882195,17.118345073204374,9.681085132269324,-9.055280934388662
2002-04-10,10.121228336542348,18.825177891804497,9.92247448683306,-9.878685976066
2002-04-11,10.26508682679547,18.10150830789062,9.81395770705397,-9.891129389926881
2002-04-12,11.894694695583734,17.20877780133386,8.549776698365193,-9.768195058348846
2002-04-13,13.462691834832546,17.319624103656448,9.072420263689985,-10.148107503146258
2002-04-14,14.419129225670984,18.341381828222993,9.030425548249488,-10.311055136361153
2002-04-15,14.411808884640363,17.304174984585423,9.834097243912204,-9.317257461595302
2002-04-16,14.479425503947592,17.299726505111057,10.844128526284974,-11.997391601003146
2002-04-17,15.593053766442301,19.257414120416687,11.820365015736915,-12.729971783555381
2002-04-18,16.96321524833132,18.368679601034618,13.30382105373666,-13.244362770020416
2002-04-19,19.01479480124488,20.634380925593735,12.958300031856306,-14.28151717874228
2002-04-20,20.915927004737362,21.228168019997366,13.357090357611243,-15.19972112788874
2002-04-21,19.93402487921541,20.021286165887098,13.735987805315878,-15.048811741118927
2002-04-22,19.915274788142202,20.388903962633716,14.303090200818756,-16.6441867748586
2002-04-23,19.638797612407608,19.57400742927956,13.924921489602905,-16.769027559119987
2002-04-24,20.24236162196245,18.086016857100176,14.205780631575914,-16.639985350608498
2002-04-25,20.656962502536533,19.03194693395373,14.131932586197353,-14.206271131562588
2002-04-26,21.70823351050332,18.405568635503176,12.759960086936411,-14.525359844794023
2002-04-27,22.44535479694179,19.259483933667806,12.262619898166024,-13.156721972809235
2002-04-28,20.694534430515198,21.292116940829406,12.550194123354343,-12.968882899792419
2002-04-29,20.65055369557002,22.802187332915075,14.496823610002874,-12.792008590632173
2002-04-30,19.628161405120874,22.93684592302277,14.24692237118517,-13.480666645013958
2002-05-01,19.22444713514514,24.688381543385628,14.976323931686496,-12.932832004756277
2002-05-02,18.48217959521802,23.563187759283142,16.14484097094841,-12.654806980848484
2002-05-03,19.99074923707918,23.975714854574928,17.53102772808305,-13.215036393550848
2002-05-04,20.702183958157462,22.809600389797307,19.441221874035634,-14.851837681142046
2002-05-05,21.03232661754415,22.262766474546012,18.361736816540322,-13.697123500599862
2002-05-06,20.586295213318802,23.981597714248387,17.215887454410964,-13.713166474867862
2002-05-07,21.406901642946455,23.735151342430957,19.626852446620326,-14.225081886910592
2002-05-08,21.21670855941278,25.615672219919684,19.5308736056328,-13.589545362323472
2002-05-09,20.98248361989253,25.949087299029966,19.704348720244298,-14.264318584145393
2002-05-10,20.686902494121117,25.807133126961762,18.698319935706568,-13.901516351792525
2002-05-11,20.00979198696626,25.2288115260287,19.475683348225054,-15.27290435992285
2002-05-12,19.996452496846036,25.125010289288745,18.049694763541353,-13.482716616204932
2002-05-13,21.238717941313045,26.58834962719422,18.384634204830103,-13.920310106588918
2002-05-14,21.23383499066678,29.248095163410476,17.527981745568106,-15.154526918657204
2002-05-15,20.922308233154137,31.403501162260852,16.390804653580915,-13.636878039825959
2002-05-16,22.229303480380143,31.75226380538421,16.28057010731144,-13.414311395499077
2002-05-17,21.66225494378715,31.651308505562643,17.287595527830927,-13.999422782946619
2002-05-18,22.268810219875775,32.530566373154755,17.353658647456257,-14.416288925394861
2002-05-19,22.83122191832923,29.36581866603579,17.257609120309564,-14.291142990798454
2002-05-20,21.62788408097183,29.417912995210198,17.429615263141205,-13.504708582406455
2002-05-21,22.97868226123808,29.083632475426505,16.70395858218135,-12.93606299062515
2002-05-22,23.329467289450932,29.441986870767412,15.750692778837674,-13.404424378817696
2002-05-23,23.552714076666565,32.16925601617224,15.639600823805509,-14.049547682588974
2002-05-24,22.528283190616957,30.26570476392582,14.82062248392216,-12.676691759841571
2002-05-25,22.21512725952907,31.265882807902514,16.305311303636316,-11.32416705938827
2002-05-26,20.593565480841047,33.27119921994657,17.15616474105127,-12.555908833487557
2002-05-27,20.245006534202737,33.43984235845838,18.711542104896658,-12.06744091954618
2002-05-28,21.532158346812665,33.78758688451305,17.791952077460618,-13.206373654822343
2002-05-29,22.830236310866947,34.30221151378343,17.151781480796835,-14.137405924196184
2002-05-30,23.0554546351361,35.633083017062305,17.56751457473769,-12.013909313378717
2002-05-31,23.09895453151688,35.14761596600542,17.517709814039723,-12.478763578061011
2002-06-01,22.549687024141434,35.068224683224216,16.43803377330182,-12.337819717896483
2002-06-02,23.268730085751475,36.10170195647409,17.49073458003559,-12.698340827985994
2002-06-03,23.05704924407417,36.55238937748509,17.444946259544565,-12.353812314181987
2002-06-04,23.979234658572608,38.419891375140416,18.62783207945069,-13.470080038009083
2002-06-05,24.226058836781316,38.83077856855419,18.935472509521293,-12.220228348446597
2002-06-06,23.413337437464065,38.221445771568675,19.197351570361224,-13.441438817248313
2002-06-07,23.24031146097736,39.23945677929765,20.620390005628387,-13.092366733265752
2002-06-08,24.140868993452045,37.52651794457925,20.83261758885448,-13.038396658718744
2002-06-09,22.858257746250427,37.755562108132665,20.214406173943836,-13.526849248770592
2002-06-10,22.711074227291864,36.34610082769962,17.993550182370722,-14.891522120660383
2002-06-11,23.1108860271403,36.1657497130981,17.586723350371102,-14.461249468835067
2002-06-12,23.95379959895207,34.380721287451074,15.965322105664153,-14.823414525070492
2002-06-13,22.422268288850265,35.130657497072505,16.464687807736325,-14.714068875383967
2002-06-14,22.44953740326514,34.42673915470533,15.187344837916767,-13.130685272443563
2002-06-15,22.512129916185398,33.44440707192566,12.920366282410026,-12.550994597796182
2002-06-16,21.35740916163259,33.66176478468286,12.273673994694494,-11.442691986269974
2002-06-17,20.429055745974193,35.79817743505586,13.252556707917948,-11.634696451253708
2002-06-18,20.430783642981716,36.34129685597386,13.541859584550707,-12.736273332719168
2002-06-19,20.532663003024282,37.41262933514419,14.265165465848598,-11.864315866511422
2002-06-20,21.678040806933826,38.5371059384009,14.408436727457051,-12.335591732469112
2002-06-21,20.69795467028986,38.73336145932427,15.682939220116978,-11.90014561357198
2002-06-22,19.51597527686046,39.08635255485309,15.641981243946406,-11.557113106723941
2002-06-23,19.662840987366835,39.186263485828626,16.221374652093964,-10.721471180448606
2002-06-24,21.3063112297508,39.97779672185168,17.56112871656772,-9.285529211058638
2002-06-25,21.03671469237059,39.885248566593276,17.895316515889586,-9.791962860727367
2002-06-26,21.590890219950545,37.663155104791336,18.391459119411007,-10.054484433582761
2002-06-27,21.539970319103606,37.43736780791029,18.74058767248279,-8.747299472652125
2002-06-28,22.24614056490509,36.485391322076204,17.585573194216177,-9.191133535049463
2002-06-29,22.357086688194503,37.362752898474675,18.560320266133896,-8.66690580708246
2002-06-30,21.76999308028999,36.67616785973053,17.11530102686708,-7.908232353908633
2002-07-01,19.94857364706047,37.32676003925223,16.854687048159768,-6.693433804329115
2002-07-02,19.26915260093448,38.91486045715112,17.845137812893082,-6.588959204281197
2002-07-03,19.96747827661385,37.775184463083406,17.445059712695233,-6.760625633770707
2002-07-04,20.037902664982926,39.207184238599154,16.67228491110653,-6.791227537443181
2002-07-05,20.348943278206036,39.19140250080247,15.398079733826837,-6.238988023692662
2002-07-06,20.9776510027531,39.497498707962166,15.175136095233693,-5.966507271816296
2002-07-07,18.977426024767475,39.48245868367184,14.182709425332835,-4.797268216302863
2002-07-08,19.361370284809922,37.9350751145643,13.591999334346914,-5.078291910267966
2002-07-09,19.014767085275825,36.53927768470637,15.68100014546911,-5.411846350189937
2002-07-10,19.157346468885343,35.63232749320539,16.270787263761576,-5.771833854036507
2002-07-11,18.310780121517098,35.385907137998714,16.16642314281411,-5.9174119566524235
2002-07-12,18.816826320794746,38.56048300204983,15.66485967818048,-5.8982565572417895
2002-07-13,18.164935175378062,38.9776751963145,15.307256959684622,-6.102483495895542
2002-07-14,17.762416971422684,39.3148037497291,14.930667830299042,-6.426026838938138
2002-07-15,17.533311009527193,39.606465850752116,15.287171966518143,-7.783554054550926
2002-07-16,18.593566462239906,40.24689826125654,18.098904785909014,-6.357338395324353
2002-07-17,18.795767885854993,40.7242618674367,17.8653154662641,-6.239134238643555
2002-07-18,18.87908903148641,42.23019369257961,17.646515108608934,-9.227674953651464
2002-07-19,19.22052406890071,42.09653395667697,17.054666157165258,-8.763543325625756
2002-07-20,18.94517859307347,40.138868022698624,17.847243356824777,-6.487050207297972
2002-07-21,17.552574145984007,41.6478739831729,17.082811711388498,-7.386770424426234
2002-07-22,16.185364410153372,40.09823813970933,17.789473930742254,-7.597362767280065
2002-07-23,15.80963552012921,40.13644993305479,17.3294287164125,-8.121290956313917
2002-07-24,15.592830059280425,39.72896456432666,17.938331854876616,-6.854159934595475
2002-07-25,15.49648234210578,38.55444584438133,17.32946612556853,-6.815751844730095
2002-07-26,14.910976138838208,38.762542583298824,17.114644746697937,-8.388192434490128
2002-07-27,16.783668695399975,37.777542318284745,16.683415835044812,-7.330177821252831
2002-07-28,16.561350538200006,39.013334678689645,15.680122705729064,-7.414500792956611
2002-07-29,14.524651452657807,40.72148711362499,15.342992829334122,-6.132427840670036
2002-07-30,15.306123896107302,39.11994341225459,14.1529507999288,-6.534803479471716
2002-07-31,14.868489670638263,40.78743787079325,13.774050675100769,-5.209615164205501
2002-08-01,14.379328657581091,42.300420732336384,14.976458445460972,-5.448545813024887
2002-08-02,16.370276163587942,41.73677655003478,16.222022372327338,-5.269858446024789
2002-08-03,16.528355677978976,42.409375958392104,16.876524294076617,-5.439777260067571
2002-08-04,16.571338975480796,42.47478880266935,17.22035228883948,-5.5790161653381345
2002-08-05,16.574949112071643,41.02939216334219,15.123059590021672,-3.0853619885880916
2002-08-06,16.255299939525518,41.34744274064005,14.246379929046974,-4.613823469191661
2002-08-07,15.661661062464514,40.29293118024361,15.994456463002315,-3.1723462300625576
2002-08-08,16.782592052499012,40.59235099214807,16.747052990293376,-4.658033468045618
2002-08-09,17.66700427566257,38.96875280664608,16.073681839667536,-3.447955686751087
2002-08-10,17.279826925633973,39.78358700554346,14.572085763250318,-4.173124789231359
2002-08-11,18.922486437567493,40.13027975596782,15.157158045975407,-4.056454437169888
2002-08-12,19.04580670346927,40.109888253484904,15.702444724447252,-3.173413310033004
2002-08-13,18.94688140485832,40.118315034453175,14.149549870491606,-3.355567802001625
2002-08-14,18.69478012882058,39.248382901486245,12.208911222753134,-4.2879076384541905
2002-08-15,18.589612639179215,40.843016799715215,13.001916277595418,-5.595610335355847
2002-08-16,19.504016314785957,42.59579122680058,12.92617356150561,-6.341648889383732
2002-08-17,20.90829527267466,43.36315538561886,12.961555331011434,-8.39226716735101
2002-08-18,21.979769213759543,42.796766493618634,12.185119852159398,-9.484910241585515
2002-08-19,21.143242956344046,43.01286345166854,13.160932421291122,-9.652958000065066
2002-08-20,22.017991902100043,42.17514899090958,10.740142810830179,-9.988252474083371
2002-08-21,23.261147216243437,42.53872726187045,10.624447362493811,-9.976774179764647
2002-08-22,22.91673916175215,42.30124123329071,11.691441046782483,-9.926689565321963
2002-08-23,23.95904144175596,42.62459247270384,13.215654403328742,-10.652687070529447
2002-08-24,24.35187302787243,42.46463337716296,12.338341642437992,-11.46995035445005
2002-08-25,25.11733133655184,42.09885036797553,11.925346087990233,-11.669696850614534
2002-08-26,25.79560843635243,40.905264568318714,11.304082477285263,-11.329758857920488
2002-08-27,26.2506369760641,40.82087539896872,11.153545177045695,-12.651033287180226
2002-08-28,27.62020272078008,38.9564876245934,9.735530541470975,-13.46735531329475
2002-08-29,26.376602718924254,40.45110237336335,9.5201681661236,-12.108677005828364
2002-08-30,27.73317023973125,40.46456355827045,9.452998394412447,-11.040859632882434
2002-08-31,26.776430018046373,39.515264931691924,10.96169119552076,-10.906485617622254
2002-09-01,26.833894557507428,38.939783186675,9.5612427797565,-10.112605301381159
2002-09-02,25.87139015166245,39.420290506449064,9.996523271941468,-9.115611705285101
2002-09-03,23.06233706692382,40.64817106052846,9.660411857285313,-7.520557140737439
2002-09-04,22.190728310820614,40.76014301744858,11.369254468040962,-6.112834016318569
2002-09-05,21.681077598552946,40.98742707315862,10.399237751598825,-6.709074726524722
2002-09-06,21.42568531630463,41.30666189200189,10.990242579773863,-7.864220417315108
2002-09-07,20.22896711243961,41.60585251229649,10.860208148708875,-8.892286687375805
2002-09-08,20.472162088052983,41.823130346599115,11.466819664296981,-8.396593683023331
2002-09-09,20.159499801386815,42.72019015261329,11.89160681588728,-8.502808934499445
2002-09-10,20.28485209982172,43.28525480799485,11.43440859032362,-8.708134498449084
2002-09-11,20.49417675729028,42.37715246937004,11.193996857650149,-8.19574377407968
2002-09-12,21.383148282157602,44.95747563891283,10.403786356278465,-7.37242186832351
2002-09-13,21.880467702378198,45.08172049100575,9.913706022955976,-6.922504361529978
2002-09-14,22.67184934020311,44.615616529725564,10.490305120439688,-6.749705616447941
2002-09-15,22.43865244665123,45.54532354291903,11.563485219055675,-7.338667661238038
2002-09-16,22.13135675772818,45.78676535905392,11.834047400852453,-5.478972115759029
2002-09-17,22.097759059525572,46.88428320555252,11.574117074001375,-6.198598891771123
2002-09-18,21.297592914504307,48.84710929466444,13.832678499843137,-4.416204294799358
2002-09-19,22.81678797746836,50.19581683282061,12.824973288167968,-6.49762305800343
2002-09-20,23.039327537956275,50.23118969424819,12.535525911381354,-6.757762790742138
2002-09-21,22.157459709682318,49.267370380980836,14.001045330473866,-7.938741018684588
2002-09-22,21.405152704039416,49.65282277402765,14.09313642846063,-7.342775644495767
2002-09-23,21.032594811951007,50.09119920099073,15.809729404990605,-5.867401574284862
2002-09-24,20.254721307136503,49.871370823819916,14.209588162531086,-8.39367516508531
2002-09-25,20.910460899162224,48.99198682007949,12.31219270055453,-7.954348593988614
2002-09-26,22.491958954333477,48.180670841152136,12.37350864516666,-7.62664825877176
